,name,github_id,pypi_id,labels,category,show,homepage,dependent_project_count,github_dependent_project_count,contributor_count,github_url,license,created_at,updated_at,projectrank,fork_count,open_issue_count,star_count,description,pypi_url,pypi_latest_release_published_at,latest_stable_release_published_at,latest_stable_release_number,release_count,pypi_dependent_project_count,pypi_monthly_downloads,monthly_downloads,projectrank_placing,trending,gitlab_id,gitlab_url,closed_issue_count
0,blimpy,UCBerkeleySETI/blimpy,blimpy,['python'],I/O,True,https://blimpy.readthedocs.io/en/latest/,54.0,47.0,27.0,https://github.com/UCBerkeleySETI/blimpy,BSD-3-Clause,2016-06-15 19:42:52.000,2022-11-18 14:55:22,17,44.0,14.0,53.0,Breakthrough Listen I/O Methods for Python.,https://pypi.org/project/blimpy,2022-11-16 23:29:01.329,2022-11-16 23:29:01.329,2.1.4,47.0,7.0,2023.0,2023.0,1.0,,,,
1,psrqpy,mattpitkin/psrqpy,psrqpy,['python'],catalog,True,https://psrqpy.readthedocs.io,48.0,40.0,12.0,https://github.com/mattpitkin/psrqpy,MIT,2017-11-15 11:27:08.000,2026-02-17 19:16:13,16,27.0,7.0,48.0,A python module to query the ATNF pulsar catalogue.,https://pypi.org/project/psrqpy,2025-01-31 14:01:59.000,2025-01-31 14:01:59.000,1.3.2,61.0,8.0,3246.0,3246.0,1.0,,,,
2,your,thepetabyteproject/your,your,['python'],I/O,True,https://thepetabyteproject.github.io/your/,64.0,61.0,20.0,https://github.com/thepetabyteproject/your,GPL-3.0,2019-08-05 12:31:16.000,2025-12-12 22:34:53,15,26.0,4.0,38.0,Your Unified Reader.,https://pypi.org/project/your,2022-01-22 20:32:53.000,2022-01-22 20:32:53.000,0.6.7,11.0,3.0,2868.0,2868.0,2.0,,,,
3,presto,scottransom/presto,,"['python', 'C', 'Fortran']",Search,True,https://www.cv.nrao.edu/~sransom/presto/,,,46.0,https://github.com/scottransom/presto,GPL-2.0,2009-09-29 21:35:23.000,2026-01-27 15:12:44,10,183.0,39.0,267.0,Open source pulsar search and analysis toolkit.,,,,,,,,,1.0,-10.0,,,
4,fetch,devanshkv/fetch,,"['python', 'CUDA']",ML,True,https://github.com/devanshkv/fetch,65.0,65.0,12.0,https://github.com/devanshkv/fetch,GPL-3.0,2019-01-14 20:59:03.000,2025-07-13 20:04:40,10,39.0,10.0,56.0,A set of deep learning models for FRB/RFI binary classification.,,,,,,,,,1.0,,,,
5,RM-Tools,CIRADA-Tools/RM-Tools,,['python'],analysis,True,https://github.com/CIRADA-Tools/RM-Tools/wiki,7.0,7.0,16.0,https://github.com/CIRADA-Tools/RM-Tools,MIT,2019-04-11 22:29:44.000,2026-05-04 06:33:03,10,25.0,28.0,52.0,"RM-synthesis, RM-clean and QU-fitting on polarised radio spectra.",,,,,,,,,1.0,,,,
6,FRB,FRBs/FRB,,['python'],analysis,True,https://github.com/FRBs/FRB,,,35.0,https://github.com/FRBs/FRB,BSD-3-Clause,2017-03-16 12:26:19.000,2025-07-14 21:28:20,9,29.0,9.0,64.0,"Python code related to DM calculations, estimations, and analysis.",,,,,,,,,2.0,,,,
7,frbgui,mef51/frbgui,frbgui,"['python', 'jupyter']",analysis,True,https://github.com/mef51/frbgui,2.0,2.0,3.0,https://github.com/mef51/frbgui,MIT,2020-12-20 17:47:46.000,2025-10-27 18:11:22,9,1.0,17.0,23.0,A GUI for measuring properties of Fast Radio Bursts.,https://pypi.org/project/frbgui,2025-10-27 18:11:22.000,2025-10-27 18:11:22.000,0.12.0,6.0,,54.0,54.0,2.0,,,,
8,fruitbat,abatten/fruitbat,fruitbat,['python'],analysis,True,https://fruitbat.readthedocs.io/,6.0,6.0,2.0,https://github.com/abatten/fruitbat,BSD-3-Clause,2019-02-09 09:52:39.000,2022-01-11 14:05:19,9,5.0,3.0,17.0,A fast radio burst (FRB) redshift estimation package written in Python.,https://pypi.org/project/fruitbat,2021-07-06 05:12:40.000,2021-07-06 05:12:40.000,2.0.1,6.0,,85.0,85.0,2.0,,,,
9,AstroFlow,lintian233/astroflow,pulseflow,"['python', 'cpp', 'CUDA']",Search,True,https://github.com/lintian233/astroflow,,,1.0,https://github.com/lintian233/astroflow,MIT,2025-03-06 16:19:05.351,2026-05-31 06:30:55,8,,,1.0,"A high-performance C++ library for radio astronomy signal processing, specializing in sigproc filterbank data..",https://pypi.org/project/pulseflow,2026-05-31 06:30:55.000,2026-03-23 07:30:51.000,0.1.11,12.0,,65.0,65.0,2.0,,,,
10,pygedm,FRBs/pygedm,,"['cpp', 'Fortran', 'python']",analysis,True,https://pygedm.readthedocs.io,17.0,17.0,10.0,https://github.com/FRBs/pygedm,,2019-02-17 13:02:21.000,2022-12-26 03:35:20,7,18.0,4.0,45.0,"Python bindings for YMW16, NE2001 and YT2020 electron density models.",,,,,,,,,3.0,,,,
11,AstroAccelerate,AstroAccelerateOrg/astro-accelerate,,"['cpp', 'CUDA', 'python']",Search,True,https://github.com/AstroAccelerateOrg/astro-accelerate,,,23.0,https://github.com/AstroAccelerateOrg/astro-accelerate,GPL-3.0,2013-02-27 12:04:06.000,2024-10-10 14:03:25,7,16.0,4.0,42.0,AstroAccelerate is a many-core accelerated software package for processing time-domain radio-astronomy data.,,,,,,,,,2.0,-7.0,,,
12,frbcat,davidgardenier/frbcat,,['python'],catalog,True,https://github.com/davidgardenier/frbcat,6.0,6.0,4.0,https://github.com/davidgardenier/frbcat,MIT,2020-02-19 15:03:56.000,2023-09-13 06:27:50,7,5.0,5.0,20.0,Query Fast Radio Burst catalogues.,,,,,,,,,2.0,,,,
13,burstfit,thepetabyteproject/burstfit,burstfit,['python'],analysis,True,https://github.com/thepetabyteproject/burstfit/,3.0,3.0,2.0,https://github.com/thepetabyteproject/burstfit,GPL-3.0,2021-01-20 15:40:20.000,2021-07-14 16:29:35,7,4.0,4.0,14.0,Spectro-temporal modeling of FRBs.,https://pypi.org/project/burstfit,2021-03-29 23:30:13.000,2021-03-29 23:30:13.000,0.1.0,1.0,,43.0,43.0,3.0,,,,
14,rfpipe,realfastvla/rfpipe,,['python'],Search,True,https://realfastvla.github.io/rfpipe/,5.0,5.0,11.0,https://github.com/realfastvla/rfpipe,BSD-3-Clause,2016-07-15 21:01:44.000,2022-10-31 21:33:46,7,5.0,18.0,10.0,Fast radio interferometric transient search pipeline.,,,,,,,,,2.0,,,,
15,IQRM,v-morello/iqrm,,['python'],rfi,True,https://github.com/v-morello/iqrm,8.0,8.0,3.0,https://github.com/v-morello/iqrm,MIT,2021-07-15 07:00:30.000,2025-04-09 18:10:45,7,5.0,1.0,8.0,A minimal implementation of the IQRM interference flagging algorithm for radio pulsar and transient searches.,,,,,,,,,1.0,,,,
16,FRBSTATS,HeRTA/FRBSTATS,,,catalog,True,https://www.herta-experiment.org/frbstats/,,,3.0,https://github.com/HeRTA/FRBSTATS,GPL-3.0,2021-02-10 14:45:29.000,2023-03-19 15:53:08,6,3.0,13.0,22.0,Repository for the FRBSTATS web platform.,,,,,,,,,3.0,,,,
17,sigpyproc3,FRBs/sigpyproc3,,"['python', 'cpp']",I/O,True,https://sigpyproc3.readthedocs.io,,,13.0,https://github.com/FRBs/sigpyproc3,MIT,2020-04-16 17:23:05.000,2025-04-02 14:58:09,6,10.0,7.0,17.0,Python3 version of Ewan Barrs sigpyproc library.,,,,,,,,,3.0,,,,
18,TransientX,ypmen/TransientX,,['cpp'],Search,True,https://github.com/ypmen/TransientX,,,1.0,https://github.com/ypmen/TransientX,GPL-3.0,2021-05-11 06:14:34.000,2024-04-12 07:36:15,5,6.0,2.0,27.0,Transient Search.,,,,,,,,,3.0,,,,
19,single_pulse_ml,liamconnor/single_pulse_ml,,['python'],ML,True,https://github.com/liamconnor/single_pulse_ml,,,30.0,https://github.com/liamconnor/single_pulse_ml,GPL-2.0,2017-05-02 12:17:52.000,2020-01-13 18:40:36,5,9.0,,17.0,,,,,,,,,,3.0,,,,
20,burst_search,kiyo-masui/burst_search,,"['python', 'C']",Search,True,https://github.com/kiyo-masui/burst_search,,,18.0,https://github.com/kiyo-masui/burst_search,GPL-2.0,2014-07-28 20:54:02.000,2018-04-10 22:34:32,5,7.0,1.0,10.0,Program to perform real-time and off-line searches for fast radio bursts in GBT GUPPI data.,,,,,,,,,3.0,,,,
21,PreFRBLE,FRBs/PreFRBLE,,['python'],popsynth,True,https://github.com/FRBs/PreFRBLE,,,3.0,https://github.com/FRBs/PreFRBLE,,2019-02-17 22:20:43.000,2020-10-16 10:10:17,5,,,6.0,PrEFRBLE: Probability Estimates for Fast Radio Burst to obtain model Likelihood Estimates.,,,,,,,,,1.0,2.0,,,
22,simpulse,kmsmith137/simpulse,,"['cpp', 'python']",Injection,True,https://github.com/kmsmith137/simpulse,,,6.0,https://github.com/kmsmith137/simpulse,,2016-06-08 17:18:15.000,2023-05-16 20:57:35,4,9.0,,14.0,C++/python library for simulating FRBs and pulsars.,,,,,,,,,1.0,,,,
23,astropath,FRBs/astropath,,['python'],analysis,True,https://github.com/FRBs/astropath,,,7.0,https://github.com/FRBs/astropath,BSD-3-Clause,2020-12-15 19:40:33.000,2025-07-13 01:35:49,4,2.0,2.0,13.0,,,,,,,,,,3.0,,,,
24,TPP-FRB121102,thepetabyteproject/FRB121102,,"['python', 'jupyter']",analysis,True,https://thepetabyteproject.github.io/FRB121102/,,,5.0,https://github.com/thepetabyteproject/FRB121102,GPL-3.0,2021-02-04 22:47:54.000,2021-08-16 21:56:56,4,,,12.0,Results and analysis scripts for FRB121102 burst analysis.,,,,,,,,,3.0,,,,
25,injectfrb,liamconnor/injectfrb,,['python'],Injection,True,https://github.com/liamconnor/injectfrb,,,4.0,https://github.com/liamconnor/injectfrb,,2024-04-27 16:59:07.369,2022-06-28 16:00:53,4,6.0,3.0,10.0,Tools for simulating FRBs and injecting them into real data.,,,,,,,,,1.0,,,,
26,RFIClean,ymaan4/RFIClean,,['C'],rfi,True,https://github.com/ymaan4/RFIClean,,,1.0,https://github.com/ymaan4/RFIClean,,2019-11-15 16:16:58.000,2021-02-19 09:39:38,4,2.0,1.0,3.0,Mitigation of periodic as well as narrow-band and spiky/bursty RFI from time-domain filterbank data.,,,,,,,,,3.0,,,,
27,Frbpoppy,davidgardenier/frbpoppy,,['python'],popsynth,True,https://davidgardenier.github.io/frbpoppy/html/index.html,,,7.0,https://github.com/davidgardenier/frbpoppy,MIT,2017-01-03 11:02:10.000,2017-03-22 12:43:19,4,,18.0,2.0,Fast Radio Burst Population Synthesis in Python.,,,,,,,,,3.0,-7.0,,,
28,heimdall,pravirkr/heimdall,,"['cpp', 'CUDA', 'python']",Search,True,https://github.com/pravirkr/heimdall,,,2.0,https://github.com/pravirkr/heimdall,GPL-3.0,2020-10-03 06:11:42.000,2020-10-04 20:19:13,3,,,2.0,copy of the Heimdall single-pulse detection code.,,,,,,,,,3.0,,,,
29,FRB hosts,FRBs/FRBhostpage,,"['HTML', 'JS']",catalog,True,https://frbhosts.org/,,,5.0,https://github.com/FRBs/FRBhostpage,,2025-07-15 03:01:42.355,2022-02-21 17:42:28,3,1.0,2.0,,Hosting for the FRB host webpage.,,,,,,,,,3.0,,,,
30,joy-plotter,josephwkania/joy-plotter,,['python'],Visualization,True,https://github.com/josephwkania/joy-plotter,,,2.0,https://github.com/josephwkania/joy-plotter,GPL-3.0,2020-06-26 17:11:05.000,2020-07-14 02:31:06,3,,,,,,,,,,,,,1.0,1.0,,,
31,FRB Faker,,,['python'],Injection,True,https://gitlab.com/houben.ljm/frb-faker,,,,,,2020-04-09 08:44:27.000,2020-04-09 08:44:27,2,0.0,,3.0,"Tool to inject SPs with complex morphologies in Filterbank data, either true or synthetic data.",,,,,0.0,,,,3.0,,houben.ljm/frb-faker,https://gitlab.com/houben.ljm/frb-faker,3.0
32,FRB.software,FRBs/FRBs.github.io,,[''],catalog,True,https://frb.software/,,,5.0,https://github.com/FRBs/FRBs.github.io,,2025-07-15 03:01:42.392,2021-07-26 20:13:37,2,2.0,,2.0,FRB Community Software site.,,,,,,,,,3.0,,,,
33,burstpy,pravirkr/burstpy,,['python'],analysis,True,https://github.com/pravirkr/burstpy,,,1.0,https://github.com/pravirkr/burstpy,,2021-05-16 21:34:49.000,2021-07-09 06:16:24,2,,,2.0,Single Pulse Tools.,,,,,,,,,3.0,,,,
34,iqrm_apollo,,,['cpp'],rfi,True,https://gitlab.com/kmrajwade/iqrm_apollo,,,,,,2020-04-21 15:21:39.000,2020-04-21 15:21:39,1,2.0,,1.0,A standalone code to clean narrow-band RFI using Inter-Quartile Range Mitigation (IQRM) algorithm. The code works on..,,,,,0.0,,,,3.0,,kmrajwade/iqrm_apollo,https://gitlab.com/kmrajwade/iqrm_apollo,4.0
35,psrdada-python,TRASAL/psrdada-python,,['python'],I/O,True,https://trasal.github.io/psrdada-python/index.html,,,5.0,,http://www.apache.org/licenses/LICENSE-2.0,,,1,,,,,,,,,,,,,3.0,,,,
36,Heimdall Candidate Plotter,,,['python'],Visualization,True,https://gitlab.com/houben.ljm/heim_cand_plotter,,,,,,2019-04-24 12:07:26.000,2019-04-24 12:07:26,1,1.0,,,Plotter designed to ease the inspection of Heimdall candidates. Perform a visual coincidence check or inspect the..,,,,,0.0,,,,3.0,,houben.ljm/heim_cand_plotter,https://gitlab.com/houben.ljm/heim_cand_plotter,1.0
37,casp,KshitijAggarwal/casp,,['python'],analysis,True,https://github.com/KshitijAggarwal/casp,,,,,,,,0,,,,,,,,,,,,,,,,,
38,DM_IGM,NihanPol/DM_IGM,,['python'],analysis,True,https://github.com/NihanPol/DM_IGM,,,4.0,,,,,0,,,,,,,,,,,,,,,,,
39,DM_Phase,danielemichilli/DM_phase,,['python'],analysis,True,https://github.com/danielemichilli/DM_phase,,,9.0,,,,,0,,,,,,,,,,,,,,,,,
40,RFIm,TRASAL/RFIm,,['cpp'],rfi,True,https://github.com/TRASAL/RFIm,,,5.0,,,,,0,,,,,,,,,,,,,,-8.0,,,
41,Amber,TRASAL/AMBER,,['cpp'],Search,True,http://alert.eu/,,,4.0,,,,,0,,,,,,,,,,,,,,-9.0,,,
42,pydedisp,pravirkr/pydedisp,,"['cpp', 'CUDA', 'python']",Search,True,https://github.com/pravirkr/pydedisp,,,,,,,,0,,,,,,,,,,,,,,,,,
43,visualizations,josephwkania/visualizations,,['python'],Visualization,True,https://github.com/josephwkania/visualizations,,,,,,,,0,,,,,,,,,,,,,,,,,
44,dfdt,zpleunis/dfdt,,['python'],analysis,True,https://github.com/zpleunis/dfdt,,,4.0,,,,,0,,,,,,,,,,,,,,,,,
45,radio_transients,josephwkania/radio_transients,,"['python', 'C', 'cpp', 'CUDA']",containers,True,https://github.com/josephwkania/radio_transients,,,,,,,,0,,,,,,,,,,,,,,,,,
46,Filterbank Cleaner,,,['python'],rfi,True,https://gitlab.com/houben.ljm/fil_cleaner,,,,,,,,0,,,,,,,,,,,,,,,houben.ljm/fil_cleaner,,
47,frbpa,KshitijAggarwal/frbpa,,['python'],analysis,True,https://github.com/KshitijAggarwal/frbpa,,,2.0,,,,,-1,,,,,,,,,,,,,3.0,,,,
48,Furby,vg2691994/Furby,,['python'],Injection,True,https://github.com/vg2691994/Furby,,,2.0,,,,,-1,,,,,,,,,,,,,3.0,,,,
49,SPANDAK,gajjarv/PulsarSearch,,['python'],Search,True,https://github.com/gajjarv/PulsarSearch,,,2.0,,,,,-1,,,,,,,,,,,,,3.0,,,,
